label,score
einsumjl,-45.9315022197665
numpy,0
torch,20.344506461866455
torch-gpu,-11.655579453741577
master,-13.16831599206033
julia-gpu,43.253765504002786
