label,score
julia-gpu,-35.36407189069212
numpy,0.0
torch,-17.058854419819443
opt_einsum,57.16903077886282
torch-gpu,-35.392190880453875
opt_einsum-gpu,30.367262151232406
