label,score
einsumjl,-46.65710198810392
naive,34.76579108924025
dispatch,33.29263813863505
numpy,0
torch,20.344506461866455
