label,score
einsumjl,-45.9315022197665
numpy,0
torch,20.344506461866455
master,-13.16831599206033
