label,score
einsumjl,-46.65710198810392
naive,34.76579108924025
numpy,0
torch,20.344506461866455
masterdispatch,-19.141167738741625
